id,kind,red,n,p,nodos,variante,repeticion,estado,T_Total,T_Dist,T_Scatter,T_Bcast,T_Summa,T_Calc,T_Gather,Checksum,WSum,Hash,Valido,pared_s,tx_mb_total,rx_mb_total,log,inicio,reparto,T_CalcMax,T_CalcMin,T_Reduce,Desbalance,Error,Pi
matriz_Wi-Fi_3072_24_1_1d_1,matriz,Wi-Fi,3072,24,1,1d,1,ok,0.580874,0.214223,0.024257,0.208929,0.000000,0.403331,0.081389,22083010.24,4.748730e+11,,,1.7965,0.0003,0.0058,resultados_optimizacion/20260925_074354/logs/matriz_Wi-Fi_3072_24_1_1d_1.log,2026-09-25T07:43:55.000327-05:00,24 por nodo,,,,,,
bcast_Wi-Fi_3072_16_4_world_1,bcast,Wi-Fi,3072,16,4,world,1,ok,,,,131.304446,,,,,,1814438071394838832,1,135.4434,1008.3108,1041.7848,resultados_optimizacion/20260925_074354/logs/bcast_Wi-Fi_3072_16_4_world_1.log,2026-09-25T07:43:56.840221-05:00,4 por nodo,,,,,,
bcast_Wi-Fi_3072_16_4_tuned-knomial_1,bcast,Wi-Fi,3072,16,4,tuned-knomial,1,ok,,,,29.575315,,,,,,1814438071394838832,1,34.1368,228.5797,239.988,resultados_optimizacion/20260925_074354/logs/bcast_Wi-Fi_3072_16_4_tuned-knomial_1.log,2026-09-25T07:46:12.358895-05:00,4 por nodo,,,,,,
bcast_Wi-Fi_3072_16_4_hier_1,bcast,Wi-Fi,3072,16,4,hier,1,ok,,,,30.463595,,,,,,1814438071394838832,1,34.3177,227.8871,239.6878,resultados_optimizacion/20260925_074354/logs/bcast_Wi-Fi_3072_16_4_hier_1.log,2026-09-25T07:46:46.608216-05:00,4 por nodo,,,,,,
bcast_Ethernet_3072_16_4_world_1,bcast,Ethernet,3072,16,4,world,1,ok,,,,4.350608,,,,,,1814438071394838832,1,6.8699,1032.3905,1032.4727,resultados_optimizacion/20260925_074354/logs/bcast_Ethernet_3072_16_4_world_1.log,2026-09-25T07:47:20.968510-05:00,4 por nodo,,,,,,
matriz_Wi-Fi_3072_96_4_1d_1,matriz,Wi-Fi,3072,96,4,1d,1,ok,100.772472,95.230768,10.017927,88.819305,0.000000,0.131551,63.335499,22083010.24,4.748730e+11,,,105.2986,729.059,761.4681,resultados_optimizacion/20260925_074354/logs/matriz_Wi-Fi_3072_96_4_1d_1.log,2026-09-25T07:47:27.906091-05:00,24 por nodo,,,,,,
bcast_Ethernet_3072_16_4_tuned-scatter_1,bcast,Ethernet,3072,16,4,tuned-scatter,1,ok,,,,4.373589,,,,,,1814438071394838832,1,6.9222,1032.4304,1032.4078,resultados_optimizacion/20260925_074354/logs/bcast_Ethernet_3072_16_4_tuned-scatter_1.log,2026-09-25T07:49:13.211436-05:00,4 por nodo,,,,,,
matriz_Wi-Fi_3072_64_4_2d_1,matriz,Wi-Fi,3072,64,4,2d,1,ok,87.778623,16.524873,0.000000,0.000000,68.731075,0.076255,14.472014,22083010.24,4.748730e+11,,,92.0982,678.3207,689.6412,resultados_optimizacion/20260925_074354/logs/matriz_Wi-Fi_3072_64_4_2d_1.log,2026-09-25T07:49:20.171884-05:00,16 por nodo,,,,,,
bcast_Ethernet_3072_16_4_hier_1,bcast,Ethernet,3072,16,4,hier,1,ok,,,,2.033956,,,,,,1814438071394838832,1,4.5473,238.4276,247.8118,resultados_optimizacion/20260925_074354/logs/bcast_Ethernet_3072_16_4_hier_1.log,2026-09-25T07:50:52.274977-05:00,4 por nodo,,,,,,
matriz_Ethernet_3072_96_4_1d-hier_1,matriz,Ethernet,3072,96,4,1d-hier,1,ok,3.216833,2.731472,0.623601,2.473515,0.000000,0.167191,1.686310,22083010.24,4.748730e+11,,,6.3231,358.9286,358.7951,resultados_optimizacion/20260925_074354/logs/matriz_Ethernet_3072_96_4_1d-hier_1.log,2026-09-25T07:50:56.827295-05:00,24 por nodo,,,,,,
bcast_Ethernet_3072_16_1_hier_1,bcast,Ethernet,3072,16,1,hier,1,ok,,,,0.116568,,,,,,1814438071394838832,1,1.0729,0.0076,0.0101,resultados_optimizacion/20260925_074354/logs/bcast_Ethernet_3072_16_1_hier_1.log,2026-09-25T07:51:03.160881-05:00,16 por nodo,,,,,,
bcast_Wi-Fi_3072_16_4_tuned-scatter_1,bcast,Wi-Fi,3072,16,4,tuned-scatter,1,ok,,,,134.479409,,,,,,1814438071394838832,1,138.0414,1006.5318,1042.3474,resultados_optimizacion/20260925_074354/logs/bcast_Wi-Fi_3072_16_4_tuned-scatter_1.log,2026-09-25T07:51:04.238931-05:00,4 por nodo,,,,,,
matriz_Wi-Fi_3072_64_4_1d_1,matriz,Wi-Fi,3072,64,4,1d,1,ok,51.728071,41.197898,11.641593,40.825353,0.000000,0.109942,28.858113,22083010.24,4.748730e+11,,,55.6974,343.0893,360.2714,resultados_optimizacion/20260925_074354/logs/matriz_Wi-Fi_3072_64_4_1d_1.log,2026-09-25T07:53:22.314344-05:00,16 por nodo,,,,,,
matriz_Ethernet_3072_64_4_2d_1,matriz,Ethernet,3072,64,4,2d,1,ok,5.469103,1.174037,0.000000,0.000000,4.243536,0.083625,0.770021,22083010.24,4.748730e+11,,,8.2754,678.1039,678.1563,resultados_optimizacion/20260925_074354/logs/matriz_Ethernet_3072_64_4_2d_1.log,2026-09-25T07:54:18.017392-05:00,16 por nodo,,,,,,
bcast_Ethernet_3072_16_4_tuned-knomial_1,bcast,Ethernet,3072,16,4,tuned-knomial,1,ok,,,,1.982795,,,,,,1814438071394838832,1,4.5244,238.4392,238.4518,resultados_optimizacion/20260925_074354/logs/bcast_Ethernet_3072_16_4_tuned-knomial_1.log,2026-09-25T07:54:26.296407-05:00,4 por nodo,,,,,,
matriz_Wi-Fi_3072_24_1_1d-hier_1,matriz,Wi-Fi,3072,24,1,1d-hier,1,ok,0.618796,0.204870,0.026634,0.202529,0.000000,0.436305,0.084016,22083010.24,4.748730e+11,,,1.7585,0.0,0.0035,resultados_optimizacion/20260925_074354/logs/matriz_Wi-Fi_3072_24_1_1d-hier_1.log,2026-09-25T07:54:30.828030-05:00,24 por nodo,,,,,,
bcast_Ethernet_3072_16_1_world_1,bcast,Ethernet,3072,16,1,world,1,ok,,,,0.115645,,,,,,1814438071394838832,1,1.0966,0.0002,0.0003,resultados_optimizacion/20260925_074354/logs/bcast_Ethernet_3072_16_1_world_1.log,2026-09-25T07:54:32.596968-05:00,16 por nodo,,,,,,
matriz_Wi-Fi_3072_96_4_1d-hier_1,matriz,Wi-Fi,3072,96,4,1d-hier,1,ok,51.594660,44.267116,10.406646,40.272313,0.000000,0.150437,30.749531,22083010.24,4.748730e+11,,,57.6038,342.9091,360.4731,resultados_optimizacion/20260925_074354/logs/matriz_Wi-Fi_3072_96_4_1d-hier_1.log,2026-09-25T07:54:33.698862-05:00,24 por nodo,,,,,,
matriz_Ethernet_3072_64_4_1d_1,matriz,Ethernet,3072,64,4,1d,1,ok,3.147138,2.550808,0.523536,2.485544,0.000000,0.114322,1.926574,22083010.24,4.748730e+11,,,5.9465,358.0176,357.871,resultados_optimizacion/20260925_074354/logs/matriz_Ethernet_3072_64_4_1d_1.log,2026-09-25T07:55:31.311943-05:00,16 por nodo,,,,,,
matriz_Ethernet_3072_24_1_1d_1,matriz,Ethernet,3072,24,1,1d,1,ok,0.640233,0.220387,0.027220,0.214118,0.000000,0.454589,0.092231,22083010.24,4.748730e+11,,,1.913,0.0151,0.015,resultados_optimizacion/20260925_074354/logs/matriz_Ethernet_3072_24_1_1d_1.log,2026-09-25T07:55:37.264294-05:00,24 por nodo,,,,,,
matriz_Ethernet_3072_24_1_1d-hier_1,matriz,Ethernet,3072,24,1,1d-hier,1,ok,0.690358,0.207621,0.025602,0.204415,0.000000,0.465013,0.153221,22083010.24,4.748730e+11,,,1.7417,0.01,0.0541,resultados_optimizacion/20260925_074354/logs/matriz_Ethernet_3072_24_1_1d-hier_1.log,2026-09-25T07:55:39.204445-05:00,24 por nodo,,,,,,
matriz_Ethernet_3072_96_4_1d_1,matriz,Ethernet,3072,96,4,1d,1,ok,6.233285,6.042949,0.524379,5.603491,0.000000,0.137357,3.200449,22083010.24,4.748730e+11,,,9.2746,755.5173,755.5612,resultados_optimizacion/20260925_074354/logs/matriz_Ethernet_3072_96_4_1d_1.log,2026-09-25T07:55:40.952233-05:00,24 por nodo,,,,,,
bcast_Wi-Fi_3072_16_4_hier_2,bcast,Wi-Fi,3072,16,4,hier,2,ok,,,,31.940442,,,,,,1814438071394838832,1,35.7191,228.0426,239.7368,resultados_optimizacion/20260925_074354/logs/bcast_Wi-Fi_3072_16_4_hier_2.log,2026-09-25T07:55:50.233575-05:00,4 por nodo,,,,,,
bcast_Wi-Fi_3072_16_4_world_2,bcast,Wi-Fi,3072,16,4,world,2,ok,,,,133.042611,,,,,,1814438071394838832,1,136.6091,1006.4714,1043.1003,resultados_optimizacion/20260925_074354/logs/bcast_Wi-Fi_3072_16_4_world_2.log,2026-09-25T07:56:25.978112-05:00,4 por nodo,,,,,,
matriz_Ethernet_3072_64_4_1d_2,matriz,Ethernet,3072,64,4,1d,2,ok,3.147924,2.577711,0.538926,2.507522,0.000000,0.114607,1.924771,22083010.24,4.748730e+11,,,5.9112,358.0022,357.8772,resultados_optimizacion/20260925_074354/logs/matriz_Ethernet_3072_64_4_1d_2.log,2026-09-25T07:58:42.639098-05:00,16 por nodo,,,,,,
bcast_Ethernet_3072_16_4_hier_2,bcast,Ethernet,3072,16,4,hier,2,ok,,,,2.035162,,,,,,1814438071394838832,1,4.5719,238.3151,238.3334,resultados_optimizacion/20260925_074354/logs/bcast_Ethernet_3072_16_4_hier_2.log,2026-09-25T07:58:48.612231-05:00,4 por nodo,,,,,,
matriz_Ethernet_3072_24_1_1d_2,matriz,Ethernet,3072,24,1,1d,2,ok,0.648645,0.221174,0.026282,0.218683,0.000000,0.425818,0.111006,22083010.24,4.748730e+11,,,1.8362,0.0001,0.0002,resultados_optimizacion/20260925_074354/logs/matriz_Ethernet_3072_24_1_1d_2.log,2026-09-25T07:58:53.253998-05:00,24 por nodo,,,,,,
bcast_Wi-Fi_3072_16_4_tuned-knomial_2,bcast,Wi-Fi,3072,16,4,tuned-knomial,2,ok,,,,29.650448,,,,,,1814438071394838832,1,32.9653,228.6166,240.0441,resultados_optimizacion/20260925_074354/logs/bcast_Wi-Fi_3072_16_4_tuned-knomial_2.log,2026-09-25T07:58:55.096191-05:00,4 por nodo,,,,,,
bcast_Ethernet_3072_16_4_world_2,bcast,Ethernet,3072,16,4,world,2,ok,,,,4.293832,,,,,,1814438071394838832,1,6.8737,1032.5434,1032.4349,resultados_optimizacion/20260925_074354/logs/bcast_Ethernet_3072_16_4_world_2.log,2026-09-25T07:59:28.067153-05:00,4 por nodo,,,,,,
matriz_Wi-Fi_3072_64_4_2d_2,matriz,Wi-Fi,3072,64,4,2d,2,ok,86.304863,15.984275,0.000000,0.000000,68.267785,0.077069,13.580634,22083010.24,4.748730e+11,,,90.0996,677.7441,688.936,resultados_optimizacion/20260925_074354/logs/matriz_Wi-Fi_3072_64_4_2d_2.log,2026-09-25T07:59:34.944979-05:00,16 por nodo,,,,,,
bcast_Ethernet_3072_16_1_world_2,bcast,Ethernet,3072,16,1,world,2,ok,,,,0.126964,,,,,,1814438071394838832,1,1.1737,0.0101,0.006,resultados_optimizacion/20260925_074354/logs/bcast_Ethernet_3072_16_1_world_2.log,2026-09-25T08:01:05.101408-05:00,16 por nodo,,,,,,
bcast_Ethernet_3072_16_4_tuned-scatter_2,bcast,Ethernet,3072,16,4,tuned-scatter,2,ok,,,,4.009925,,,,,,1814438071394838832,1,6.5342,1032.4816,1032.4852,resultados_optimizacion/20260925_074354/logs/bcast_Ethernet_3072_16_4_tuned-scatter_2.log,2026-09-25T08:01:06.281674-05:00,4 por nodo,,,,,,
matriz_Wi-Fi_3072_24_1_1d_2,matriz,Wi-Fi,3072,24,1,1d,2,ok,0.670333,0.217531,0.026221,0.215077,0.000000,0.449951,0.104419,22083010.24,4.748730e+11,,,1.8874,0.0,0.0067,resultados_optimizacion/20260925_074354/logs/matriz_Wi-Fi_3072_24_1_1d_2.log,2026-09-25T08:01:12.826340-05:00,24 por nodo,,,,,,
matriz_Ethernet_3072_24_1_1d-hier_2,matriz,Ethernet,3072,24,1,1d-hier,2,ok,0.677412,0.233066,0.026261,0.230796,0.000000,0.428267,0.100681,22083010.24,4.748730e+11,,,1.8016,0.0122,0.0042,resultados_optimizacion/20260925_074354/logs/matriz_Ethernet_3072_24_1_1d-hier_2.log,2026-09-25T08:01:14.725313-05:00,24 por nodo,,,,,,
matriz_Ethernet_3072_64_4_2d_2,matriz,Ethernet,3072,64,4,2d,2,ok,5.491510,1.206621,0.000000,0.000000,4.243602,0.088241,0.802518,22083010.24,4.748730e+11,,,8.3429,678.1171,678.0995,resultados_optimizacion/20260925_074354/logs/matriz_Ethernet_3072_64_4_2d_2.log,2026-09-25T08:01:16.532299-05:00,16 por nodo,,,,,,
matriz_Wi-Fi_3072_24_1_1d-hier_2,matriz,Wi-Fi,3072,24,1,1d-hier,2,ok,0.766984,0.237283,0.028507,0.229845,0.000000,0.530079,0.236967,22083010.24,4.748730e+11,,,1.9265,0.0002,0.0068,resultados_optimizacion/20260925_074354/logs/matriz_Wi-Fi_3072_24_1_1d-hier_2.log,2026-09-25T08:01:24.890549-05:00,24 por nodo,,,,,,
matriz_Wi-Fi_3072_96_4_1d_2,matriz,Wi-Fi,3072,96,4,1d,2,ok,102.160084,96.590294,11.684108,88.904194,0.000000,0.207441,61.367827,22083010.24,4.748730e+11,,,106.1011,730.1153,761.2114,resultados_optimizacion/20260925_074354/logs/matriz_Wi-Fi_3072_96_4_1d_2.log,2026-09-25T08:01:26.841187-05:00,24 por nodo,,,,,,
matriz_Wi-Fi_3072_64_4_1d_2,matriz,Wi-Fi,3072,64,4,1d,2,ok,48.975261,39.274337,9.545354,38.112645,0.000000,0.113042,29.132902,22083010.24,4.748730e+11,,,52.9307,343.0345,360.3371,resultados_optimizacion/20260925_074354/logs/matriz_Wi-Fi_3072_64_4_1d_2.log,2026-09-25T08:03:12.948806-05:00,16 por nodo,,,,,,
bcast_Ethernet_3072_16_1_hier_2,bcast,Ethernet,3072,16,1,hier,2,ok,,,,0.124067,,,,,,1814438071394838832,1,1.277,0.0098,0.0028,resultados_optimizacion/20260925_074354/logs/bcast_Ethernet_3072_16_1_hier_2.log,2026-09-25T08:04:05.895065-05:00,16 por nodo,,,,,,
matriz_Ethernet_3072_96_4_1d_2,matriz,Ethernet,3072,96,4,1d,2,ok,6.256718,6.064782,0.531527,5.614776,0.000000,0.143167,3.190785,22083010.24,4.748730e+11,,,9.2593,755.2011,755.1889,resultados_optimizacion/20260925_074354/logs/matriz_Ethernet_3072_96_4_1d_2.log,2026-09-25T08:04:07.191991-05:00,24 por nodo,,,,,,
matriz_Ethernet_3072_96_4_1d-hier_2,matriz,Ethernet,3072,96,4,1d-hier,2,ok,3.149514,2.677381,0.553355,2.433187,0.000000,0.142254,1.659147,22083010.24,4.748730e+11,,,6.2165,358.3875,358.3731,resultados_optimizacion/20260925_074354/logs/matriz_Ethernet_3072_96_4_1d-hier_2.log,2026-09-25T08:04:16.460373-05:00,24 por nodo,,,,,,
bcast_Ethernet_3072_16_4_tuned-knomial_2,bcast,Ethernet,3072,16,4,tuned-knomial,2,ok,,,,1.976867,,,,,,1814438071394838832,1,4.5211,238.4492,238.4302,resultados_optimizacion/20260925_074354/logs/bcast_Ethernet_3072_16_4_tuned-knomial_2.log,2026-09-25T08:04:22.724973-05:00,4 por nodo,,,,,,
bcast_Wi-Fi_3072_16_4_tuned-scatter_2,bcast,Wi-Fi,3072,16,4,tuned-scatter,2,ok,,,,132.262676,,,,,,1814438071394838832,1,135.7756,1007.1638,1041.4975,resultados_optimizacion/20260925_074354/logs/bcast_Wi-Fi_3072_16_4_tuned-scatter_2.log,2026-09-25T08:04:27.278251-05:00,4 por nodo,,,,,,
matriz_Wi-Fi_3072_96_4_1d-hier_2,matriz,Wi-Fi,3072,96,4,1d-hier,2,ok,50.817269,43.517527,11.031809,39.322074,0.000000,0.146853,29.972274,22083010.24,4.748730e+11,,,55.619,342.9628,360.3352,resultados_optimizacion/20260925_074354/logs/matriz_Wi-Fi_3072_96_4_1d-hier_2.log,2026-09-25T08:06:43.090419-05:00,24 por nodo,,,,,,
matriz_Ethernet_3072_64_4_1d_3,matriz,Ethernet,3072,64,4,1d,3,ok,3.147406,2.557276,0.516836,2.489048,0.000000,0.114819,1.901792,22083010.24,4.748730e+11,,,5.9914,358.0483,357.8519,resultados_optimizacion/20260925_074354/logs/matriz_Ethernet_3072_64_4_1d_3.log,2026-09-25T08:07:38.793179-05:00,16 por nodo,,,,,,
bcast_Ethernet_3072_16_4_tuned-knomial_3,bcast,Ethernet,3072,16,4,tuned-knomial,3,ok,,,,1.974092,,,,,,1814438071394838832,1,4.486,238.5252,238.4497,resultados_optimizacion/20260925_074354/logs/bcast_Ethernet_3072_16_4_tuned-knomial_3.log,2026-09-25T08:07:44.887954-05:00,4 por nodo,,,,,,
matriz_Wi-Fi_3072_24_1_1d_3,matriz,Wi-Fi,3072,24,1,1d,3,ok,0.722138,0.239836,0.028203,0.234810,0.000000,0.498267,0.166231,22083010.24,4.748730e+11,,,1.9505,0.0,0.0058,resultados_optimizacion/20260925_074354/logs/matriz_Wi-Fi_3072_24_1_1d_3.log,2026-09-25T08:07:49.440513-05:00,24 por nodo,,,,,,
matriz_Wi-Fi_3072_64_4_1d_3,matriz,Wi-Fi,3072,64,4,1d,3,ok,52.121543,42.182294,12.613532,39.430800,0.000000,0.112802,28.948374,22083010.24,4.748730e+11,,,55.8772,343.0383,359.9017,resultados_optimizacion/20260925_074354/logs/matriz_Wi-Fi_3072_64_4_1d_3.log,2026-09-25T08:07:51.457215-05:00,16 por nodo,,,,,,
bcast_Wi-Fi_3072_16_4_world_3,bcast,Wi-Fi,3072,16,4,world,3,ok,,,,133.632874,,,,,,1814438071394838832,1,137.5093,1001.1322,1041.4522,resultados_optimizacion/20260925_074354/logs/bcast_Wi-Fi_3072_16_4_world_3.log,2026-09-25T08:08:47.342158-05:00,4 por nodo,,,,,,
matriz_Ethernet_3072_96_4_1d_3,matriz,Ethernet,3072,96,4,1d,3,ok,6.266375,6.067907,0.543998,5.598411,0.000000,0.160217,3.172311,22083010.24,4.748730e+11,,,9.272,755.6429,755.6313,resultados_optimizacion/20260925_074354/logs/matriz_Ethernet_3072_96_4_1d_3.log,2026-09-25T08:11:04.887011-05:00,24 por nodo,,,,,,
bcast_Wi-Fi_3072_16_4_hier_3,bcast,Wi-Fi,3072,16,4,hier,3,ok,,,,29.791004,,,,,,1814438071394838832,1,34.5126,227.9932,239.6743,resultados_optimizacion/20260925_074354/logs/bcast_Wi-Fi_3072_16_4_hier_3.log,2026-09-25T08:11:14.165551-05:00,4 por nodo,,,,,,
matriz_Wi-Fi_3072_96_4_1d-hier_3,matriz,Wi-Fi,3072,96,4,1d-hier,3,ok,52.658762,45.811523,11.020813,41.326643,0.000000,0.155730,31.391598,22083010.24,4.748730e+11,,,57.6712,343.0835,360.4108,resultados_optimizacion/20260925_074354/logs/matriz_Wi-Fi_3072_96_4_1d-hier_3.log,2026-09-25T08:11:48.743604-05:00,24 por nodo,,,,,,
matriz_Ethernet_3072_24_1_1d_3,matriz,Ethernet,3072,24,1,1d,3,ok,0.718621,0.251738,0.033504,0.244302,0.000000,0.462293,0.145539,22083010.24,4.748730e+11,,,1.907,0.0351,0.5717,resultados_optimizacion/20260925_074354/logs/matriz_Ethernet_3072_24_1_1d_3.log,2026-09-25T08:12:46.591097-05:00,24 por nodo,,,,,,
matriz_Ethernet_3072_64_4_2d_3,matriz,Ethernet,3072,64,4,2d,3,ok,5.546243,1.106557,0.000000,0.000000,4.266734,0.085048,0.747675,22083010.24,4.748730e+11,,,8.433,678.1695,678.1009,resultados_optimizacion/20260925_074354/logs/matriz_Ethernet_3072_64_4_2d_3.log,2026-09-25T08:12:48.611423-05:00,16 por nodo,,,,,,
bcast_Wi-Fi_3072_16_4_tuned-scatter_3,bcast,Wi-Fi,3072,16,4,tuned-scatter,3,ok,,,,134.956809,,,,,,1814438071394838832,1,138.4293,1006.3761,1041.5666,resultados_optimizacion/20260925_074354/logs/bcast_Wi-Fi_3072_16_4_tuned-scatter_3.log,2026-09-25T08:12:57.153678-05:00,4 por nodo,,,,,,
bcast_Ethernet_3072_16_4_tuned-scatter_3,bcast,Ethernet,3072,16,4,tuned-scatter,3,ok,,,,4.372026,,,,,,1814438071394838832,1,6.9977,1032.4482,1032.3902,resultados_optimizacion/20260925_074354/logs/bcast_Ethernet_3072_16_4_tuned-scatter_3.log,2026-09-25T08:15:15.649810-05:00,4 por nodo,,,,,,
bcast_Ethernet_3072_16_1_world_3,bcast,Ethernet,3072,16,1,world,3,ok,,,,0.115813,,,,,,1814438071394838832,1,1.1531,0.0123,0.0031,resultados_optimizacion/20260925_074354/logs/bcast_Ethernet_3072_16_1_world_3.log,2026-09-25T08:15:22.652856-05:00,16 por nodo,,,,,,
bcast_Ethernet_3072_16_4_hier_3,bcast,Ethernet,3072,16,4,hier,3,ok,,,,2.030414,,,,,,1814438071394838832,1,4.6583,238.9677,238.9416,resultados_optimizacion/20260925_074354/logs/bcast_Ethernet_3072_16_4_hier_3.log,2026-09-25T08:15:23.812063-05:00,4 por nodo,,,,,,
matriz_Wi-Fi_3072_24_1_1d-hier_3,matriz,Wi-Fi,3072,24,1,1d-hier,3,ok,0.673459,0.306957,0.027549,0.302477,0.000000,0.486205,0.168394,22083010.24,4.748730e+11,,,1.8926,0.0002,0.0035,resultados_optimizacion/20260925_074354/logs/matriz_Wi-Fi_3072_24_1_1d-hier_3.log,2026-09-25T08:15:28.501156-05:00,24 por nodo,,,,,,
bcast_Wi-Fi_3072_16_4_tuned-knomial_3,bcast,Wi-Fi,3072,16,4,tuned-knomial,3,ok,,,,29.354085,,,,,,1814438071394838832,1,33.0689,228.5804,239.8327,resultados_optimizacion/20260925_074354/logs/bcast_Wi-Fi_3072_16_4_tuned-knomial_3.log,2026-09-25T08:15:30.428859-05:00,4 por nodo,,,,,,
matriz_Ethernet_3072_96_4_1d-hier_3,matriz,Ethernet,3072,96,4,1d-hier,3,ok,3.220495,2.772227,0.664168,2.499566,0.000000,0.180399,1.535231,22083010.24,4.748730e+11,,,6.4462,358.3191,358.2619,resultados_optimizacion/20260925_074354/logs/matriz_Ethernet_3072_96_4_1d-hier_3.log,2026-09-25T08:16:03.517659-05:00,24 por nodo,,,,,,
matriz_Wi-Fi_3072_96_4_1d_3,matriz,Wi-Fi,3072,96,4,1d,3,ok,102.990948,97.790163,11.588939,90.003654,0.000000,0.160638,59.841959,22083010.24,4.748730e+11,,,107.8051,727.101,760.3276,resultados_optimizacion/20260925_074354/logs/matriz_Wi-Fi_3072_96_4_1d_3.log,2026-09-25T08:17:41.999317-05:00,24 por nodo,,,,,,
matriz_Ethernet_3072_24_1_1d-hier_3,matriz,Ethernet,3072,24,1,1d-hier,3,ok,0.742694,0.243762,0.029715,0.240004,0.000000,0.539601,0.192165,22083010.24,4.748730e+11,,,1.941,0.0458,0.0157,resultados_optimizacion/20260925_074354/logs/matriz_Ethernet_3072_24_1_1d-hier_3.log,2026-09-25T08:19:29.859255-05:00,24 por nodo,,,,,,
bcast_Ethernet_3072_16_4_world_3,bcast,Ethernet,3072,16,4,world,3,ok,,,,4.003415,,,,,,1814438071394838832,1,6.5663,1032.8154,1032.4536,resultados_optimizacion/20260925_074354/logs/bcast_Ethernet_3072_16_4_world_3.log,2026-09-25T08:19:31.806117-05:00,4 por nodo,,,,,,
bcast_Ethernet_3072_16_1_hier_3,bcast,Ethernet,3072,16,1,hier,3,ok,,,,0.128914,,,,,,1814438071394838832,1,1.3013,0.11,0.0163,resultados_optimizacion/20260925_074354/logs/bcast_Ethernet_3072_16_1_hier_3.log,2026-09-25T08:19:38.378520-05:00,16 por nodo,,,,,,
matriz_Wi-Fi_3072_64_4_2d_3,matriz,Wi-Fi,3072,64,4,2d,3,ok,87.314378,15.496364,0.000000,0.000000,68.794664,0.077263,13.551490,22083010.24,4.748730e+11,,,91.4615,676.8545,688.4756,resultados_optimizacion/20260925_074354/logs/matriz_Wi-Fi_3072_64_4_2d_3.log,2026-09-25T08:19:39.769795-05:00,16 por nodo,,,,,,
matriz_Wi-Fi_3072_96_4_1d-hier_4,matriz,Wi-Fi,3072,96,4,1d-hier,4,ok,51.478540,43.820852,10.443778,39.646351,0.000000,0.150660,31.069065,22083010.24,4.748730e+11,,,55.9353,342.9385,360.0333,resultados_optimizacion/20260925_074354/logs/matriz_Wi-Fi_3072_96_4_1d-hier_4.log,2026-09-25T08:21:11.241792-05:00,24 por nodo,,,,,,
matriz_Ethernet_3072_24_1_1d-hier_4,matriz,Ethernet,3072,24,1,1d-hier,4,ok,0.691021,0.223577,0.028194,0.213930,0.000000,0.496989,0.156853,22083010.24,4.748730e+11,,,1.87,0.0172,0.0076,resultados_optimizacion/20260925_074354/logs/matriz_Ethernet_3072_24_1_1d-hier_4.log,2026-09-25T08:22:07.183010-05:00,24 por nodo,,,,,,
matriz_Ethernet_3072_24_1_1d_4,matriz,Ethernet,3072,24,1,1d,4,ok,0.633399,0.206028,0.026285,0.202631,0.000000,0.411193,0.103077,22083010.24,4.748730e+11,,,1.6373,0.0003,0.0003,resultados_optimizacion/20260925_074354/logs/matriz_Ethernet_3072_24_1_1d_4.log,2026-09-25T08:22:09.058846-05:00,24 por nodo,,,,,,
matriz_Ethernet_3072_96_4_1d-hier_4,matriz,Ethernet,3072,96,4,1d-hier,4,ok,3.087679,2.639515,0.537608,2.409943,0.000000,0.160914,1.622038,22083010.24,4.748730e+11,,,6.5196,358.8906,358.9298,resultados_optimizacion/20260925_074354/logs/matriz_Ethernet_3072_96_4_1d-hier_4.log,2026-09-25T08:22:16.659294-05:00,24 por nodo,,,,,,
matriz_Ethernet_3072_96_4_1d_4,matriz,Ethernet,3072,96,4,1d,4,ok,6.260268,6.071350,0.530857,5.610916,0.000000,0.156382,3.201654,22083010.24,4.748730e+11,,,9.2816,755.4219,755.4226,resultados_optimizacion/20260925_074354/logs/matriz_Ethernet_3072_96_4_1d_4.log,2026-09-25T08:22:23.189606-05:00,24 por nodo,,,,,,
matriz_Wi-Fi_3072_24_1_1d-hier_4,matriz,Wi-Fi,3072,24,1,1d-hier,4,ok,0.608481,0.211301,0.026590,0.205453,0.000000,0.426526,0.124766,22083010.24,4.748730e+11,,,1.7093,0.0,0.0015,resultados_optimizacion/20260925_074354/logs/matriz_Wi-Fi_3072_24_1_1d-hier_4.log,2026-09-25T08:22:32.480244-05:00,24 por nodo,,,,,,
matriz_Wi-Fi_3072_24_1_1d_4,matriz,Wi-Fi,3072,24,1,1d,4,ok,0.660040,0.198285,0.025429,0.195916,0.000000,0.471235,0.112992,22083010.24,4.748730e+11,,,1.7503,0.0,0.0014,resultados_optimizacion/20260925_074354/logs/matriz_Wi-Fi_3072_24_1_1d_4.log,2026-09-25T08:22:34.251340-05:00,24 por nodo,,,,,,
matriz_Wi-Fi_3072_96_4_1d_4,matriz,Wi-Fi,3072,96,4,1d,4,ok,101.082387,96.333401,11.373463,88.921448,0.000000,0.152540,60.188042,22083010.24,4.748730e+11,,,105.1178,729.3085,760.5919,resultados_optimizacion/20260925_074354/logs/matriz_Wi-Fi_3072_96_4_1d_4.log,2026-09-25T08:22:36.062446-05:00,24 por nodo,,,,,,
matriz_Ethernet_3072_24_1_1d_5,matriz,Ethernet,3072,24,1,1d,5,ok,0.649584,0.209724,0.029501,0.205216,0.000000,0.462976,0.137248,22083010.24,4.748730e+11,,,1.7654,0.0047,0.0174,resultados_optimizacion/20260925_074354/logs/matriz_Ethernet_3072_24_1_1d_5.log,2026-09-25T08:24:21.226554-05:00,24 por nodo,,,,,,
matriz_Wi-Fi_3072_24_1_1d_5,matriz,Wi-Fi,3072,24,1,1d,5,ok,0.666321,0.209653,0.028292,0.204416,0.000000,0.444397,0.117601,22083010.24,4.748730e+11,,,1.7089,0.0,0.0037,resultados_optimizacion/20260925_074354/logs/matriz_Wi-Fi_3072_24_1_1d_5.log,2026-09-25T08:24:22.998679-05:00,24 por nodo,,,,,,
matriz_Wi-Fi_3072_96_4_1d_5,matriz,Wi-Fi,3072,96,4,1d,5,ok,100.293439,94.881366,10.178288,88.481721,0.000000,0.144176,61.103169,22083010.24,4.748730e+11,,,104.8139,730.2673,760.7453,resultados_optimizacion/20260925_074354/logs/matriz_Wi-Fi_3072_96_4_1d_5.log,2026-09-25T08:24:24.713340-05:00,24 por nodo,,,,,,
matriz_Ethernet_3072_96_4_1d_5,matriz,Ethernet,3072,96,4,1d,5,ok,6.265845,6.069576,0.542600,5.627675,0.000000,0.165298,3.189533,22083010.24,4.748730e+11,,,9.2955,755.8435,756.1198,resultados_optimizacion/20260925_074354/logs/matriz_Ethernet_3072_96_4_1d_5.log,2026-09-25T08:26:14.759434-05:00,24 por nodo,,,,,,
matriz_Ethernet_3072_24_1_1d-hier_5,matriz,Ethernet,3072,24,1,1d-hier,5,ok,0.799483,0.251890,0.033820,0.245835,0.000000,0.544129,0.284931,22083010.24,4.748730e+11,,,1.9986,0.0316,0.0115,resultados_optimizacion/20260925_074354/logs/matriz_Ethernet_3072_24_1_1d-hier_5.log,2026-09-25T08:26:24.128630-05:00,24 por nodo,,,,,,
matriz_Wi-Fi_3072_24_1_1d-hier_5,matriz,Wi-Fi,3072,24,1,1d-hier,5,ok,4.768800,1.962139,0.042429,1.943345,0.000000,2.776766,3.140344,22083010.24,4.748730e+11,,,6.0565,0.0005,0.0121,resultados_optimizacion/20260925_074354/logs/matriz_Wi-Fi_3072_24_1_1d-hier_5.log,2026-09-25T08:26:26.156286-05:00,24 por nodo,,,,,,
matriz_Ethernet_3072_96_4_1d-hier_5,matriz,Ethernet,3072,96,4,1d-hier,5,ok,3.287980,2.822458,0.661119,2.559441,0.000000,0.144821,1.634140,22083010.24,4.748730e+11,,,6.4336,359.461,359.4354,resultados_optimizacion/20260925_074354/logs/matriz_Ethernet_3072_96_4_1d-hier_5.log,2026-09-25T08:26:32.215446-05:00,24 por nodo,,,,,,
matriz_Wi-Fi_3072_96_4_1d-hier_5,matriz,Wi-Fi,3072,96,4,1d-hier,5,ok,51.323317,44.428655,10.533637,40.601072,0.000000,0.178776,30.304066,22083010.24,4.748730e+11,,,55.7395,342.9218,360.0879,resultados_optimizacion/20260925_074354/logs/matriz_Wi-Fi_3072_96_4_1d-hier_5.log,2026-09-25T08:26:38.765790-05:00,24 por nodo,,,,,,
trapecio_Ethernet_100000000000_96_4_simetrico_1,trapecio,Ethernet,100000000000,96,4,simetrico,1,ok,1.003531,,,,,,,,,,,4.3007,0.3687,0.4079,resultados_optimizacion/20260925_extra/logs/trapecio_Ethernet_100000000000_96_4_simetrico_1.log,2026-09-25T08:28:39.080894-05:00,24 por nodo,1.003478,0.794619,0.203577,1.263,6.53e-14,3.14159265358986
trapecio_Ethernet_100000000_96_4_simetrico_1,trapecio,Ethernet,100000000,96,4,simetrico,1,ok,0.002030,,,,,,,,,,,2.8759,0.3436,0.3517,resultados_optimizacion/20260925_extra/logs/trapecio_Ethernet_100000000_96_4_simetrico_1.log,2026-09-25T08:28:43.387900-05:00,24 por nodo,0.001057,0.000792,0.001233,1.333,2.04e-14,3.14159265358977
trapecio_Ethernet_100000000_24_1_simetrico_1,trapecio,Ethernet,100000000,24,1,simetrico,1,ok,0.005188,,,,,,,,,,,0.9203,0.0016,0.0087,resultados_optimizacion/20260925_extra/logs/trapecio_Ethernet_100000000_24_1_simetrico_1.log,2026-09-25T08:28:46.305444-05:00,24 por nodo,0.005175,0.003185,0.001999,1.625,2.44e-14,3.14159265358982
matriz_Ethernet_7168_24_1_1d_1,matriz,Ethernet,7168,24,1,1d,1,ok,7.702684,1.885632,0.138326,1.860321,0.000000,6.687039,1.534567,120229724.49,6.032646e+12,,,9.039,0.3857,0.0443,resultados_optimizacion/20260925_extra/logs/matriz_Ethernet_7168_24_1_1d_1.log,2026-09-25T08:28:47.286522-05:00,24 por nodo,,,,,,
trapecio_Ethernet_100000000000_24_1_asimetrico_1,trapecio,Ethernet,100000000000,24,1,asimetrico,1,ok,4.528347,,,,,,,,,,,5.6931,0.0696,0.0996,resultados_optimizacion/20260925_extra/logs/trapecio_Ethernet_100000000000_24_1_asimetrico_1.log,2026-09-25T08:28:56.327800-05:00,24 por nodo,4.528285,3.560379,0.967966,1.272,4.82e-12,3.14159265359461
trapecio_Ethernet_100000000000_96_4_asimetrico_1,trapecio,Ethernet,100000000000,96,4,asimetrico,1,ok,1.045769,,,,,,,,,,,4.2629,0.3659,0.3852,resultados_optimizacion/20260925_extra/logs/trapecio_Ethernet_100000000000_96_4_asimetrico_1.log,2026-09-25T08:29:02.028010-05:00,24 por nodo,1.045479,0.879797,0.119710,1.188,8.54e-13,3.14159265358894
matriz_Ethernet_6144_24_1_1d_1,matriz,Ethernet,6144,24,1,1d,1,ok,4.997802,0.864789,0.120887,0.845763,0.000000,4.055243,1.070491,88332041.42,3.798985e+12,,,6.5126,0.0114,0.0616,resultados_optimizacion/20260925_extra/logs/matriz_Ethernet_6144_24_1_1d_1.log,2026-09-25T08:29:06.392456-05:00,24 por nodo,,,,,,
trapecio_Ethernet_100000000000_24_1_simetrico_1,trapecio,Ethernet,100000000000,24,1,simetrico,1,ok,5.378723,,,,,,,,,,,6.528,0.0344,0.0874,resultados_optimizacion/20260925_extra/logs/trapecio_Ethernet_100000000000_24_1_simetrico_1.log,2026-09-25T08:29:12.946636-05:00,24 por nodo,5.378630,4.313824,1.020123,1.247,1.60e-13,3.14159265358995
matriz_Ethernet_6144_96_4_1d_1,matriz,Ethernet,6144,96,4,1d,1,ok,25.194367,24.233612,1.993301,22.538174,0.000000,0.956615,12.844149,88332041.42,3.798985e+12,,,29.4522,3022.3925,3020.8739,resultados_optimizacion/20260925_extra/logs/matriz_Ethernet_6144_96_4_1d_1.log,2026-09-25T08:29:19.480559-05:00,24 por nodo,,,,,,
trapecio_Ethernet_100000000_24_1_asimetrico_1,trapecio,Ethernet,100000000,24,1,asimetrico,1,ok,0.004215,,,,,,,,,,,1.0871,0.0062,0.0026,resultados_optimizacion/20260925_extra/logs/trapecio_Ethernet_100000000_24_1_asimetrico_1.log,2026-09-25T08:29:48.938673-05:00,24 por nodo,0.004179,0.003799,0.000352,1.100,2.18e-14,3.14159265358981
trapecio_Ethernet_100000000_96_4_asimetrico_1,trapecio,Ethernet,100000000,96,4,asimetrico,1,ok,0.001980,,,,,,,,,,,2.97,0.5511,0.4045,resultados_optimizacion/20260925_extra/logs/trapecio_Ethernet_100000000_96_4_asimetrico_1.log,2026-09-25T08:29:50.067466-05:00,24 por nodo,0.001042,0.000872,0.001058,1.195,1.15e-14,3.14159265358978
matriz_Ethernet_7168_96_4_1d_1,matriz,Ethernet,7168,96,4,1d,1,ok,35.115897,33.379566,2.704564,31.052964,0.000000,2.073700,17.323293,120229724.49,6.032646e+12,,,39.3168,4118.9646,4112.954,resultados_optimizacion/20260925_extra/logs/matriz_Ethernet_7168_96_4_1d_1.log,2026-09-25T08:29:53.065175-05:00,24 por nodo,,,,,,
trapecio_Ethernet_100000000_96_4_simetrico_2,trapecio,Ethernet,100000000,96,4,simetrico,2,ok,0.005691,,,,,,,,,,,2.9719,0.3748,0.398,resultados_optimizacion/20260925_extra/logs/trapecio_Ethernet_100000000_96_4_simetrico_2.log,2026-09-25T08:30:37.385571-05:00,24 por nodo,0.000993,0.000774,0.004848,1.283,2.04e-14,3.14159265358977
trapecio_Ethernet_100000000_24_1_asimetrico_2,trapecio,Ethernet,100000000,24,1,asimetrico,2,ok,0.006914,,,,,,,,,,,1.0126,0.2254,0.0179,resultados_optimizacion/20260925_extra/logs/trapecio_Ethernet_100000000_24_1_asimetrico_2.log,2026-09-25T08:30:40.374805-05:00,24 por nodo,0.006903,0.003704,0.003087,1.863,2.18e-14,3.14159265358981
trapecio_Ethernet_100000000000_24_1_asimetrico_2,trapecio,Ethernet,100000000000,24,1,asimetrico,2,ok,5.152992,,,,,,,,,,,6.1969,0.6694,0.0562,resultados_optimizacion/20260925_extra/logs/trapecio_Ethernet_100000000000_24_1_asimetrico_2.log,2026-09-25T08:30:41.389663-05:00,24 por nodo,5.152890,3.692202,1.169727,1.396,4.82e-12,3.14159265359461
matriz_Ethernet_6144_96_4_1d_2,matriz,Ethernet,6144,96,4,1d,2,ok,25.321883,24.207406,1.990343,22.520139,0.000000,0.893665,12.839503,88332041.42,3.798985e+12,,,29.2569,3025.8438,3020.9902,resultados_optimizacion/20260925_extra/logs/matriz_Ethernet_6144_96_4_1d_2.log,2026-09-25T08:30:47.654351-05:00,24 por nodo,,,,,,
matriz_Ethernet_7168_24_1_1d_2,matriz,Ethernet,7168,24,1,1d,2,ok,7.686269,1.341778,0.168448,1.302905,0.000000,6.381015,1.251319,120229724.49,6.032646e+12,,,9.3432,1.781,0.3499,resultados_optimizacion/20260925_extra/logs/matriz_Ethernet_7168_24_1_1d_2.log,2026-09-25T08:31:16.981530-05:00,24 por nodo,,,,,,
trapecio_Ethernet_100000000_96_4_asimetrico_2,trapecio,Ethernet,100000000,96,4,asimetrico,2,ok,0.001903,,,,,,,,,,,8.2634,1.773,0.6085,resultados_optimizacion/20260925_extra/logs/trapecio_Ethernet_100000000_96_4_asimetrico_2.log,2026-09-25T08:31:26.424898-05:00,24 por nodo,0.000996,0.000872,0.000984,1.142,1.15e-14,3.14159265358978
trapecio_Ethernet_100000000000_96_4_asimetrico_2,trapecio,Ethernet,100000000000,96,4,asimetrico,2,ok,1.026163,,,,,,,,,,,3.9066,1.1033,0.4888,resultados_optimizacion/20260925_extra/logs/trapecio_Ethernet_100000000000_96_4_asimetrico_2.log,2026-09-25T08:31:34.694646-05:00,24 por nodo,1.026081,0.880812,0.056058,1.165,8.54e-13,3.14159265358894
matriz_Ethernet_7168_96_4_1d_2,matriz,Ethernet,7168,96,4,1d,2,ok,35.129908,33.244666,2.717303,30.936774,0.000000,1.817384,17.363087,120229724.49,6.032646e+12,,,39.1674,4113.9436,4111.2389,resultados_optimizacion/20260925_extra/logs/matriz_Ethernet_7168_96_4_1d_2.log,2026-09-25T08:31:38.607852-05:00,24 por nodo,,,,,,
matriz_Ethernet_6144_24_1_1d_2,matriz,Ethernet,6144,24,1,1d,2,ok,7.342714,1.612356,0.211735,1.576287,0.000000,5.647352,3.162475,88332041.42,3.798985e+12,,,8.8517,0.553,0.19,resultados_optimizacion/20260925_extra/logs/matriz_Ethernet_6144_24_1_1d_2.log,2026-09-25T08:32:17.880298-05:00,24 por nodo,,,,,,
trapecio_Ethernet_100000000_24_1_simetrico_2,trapecio,Ethernet,100000000,24,1,simetrico,2,ok,0.007164,,,,,,,,,,,1.0561,0.0144,0.0125,resultados_optimizacion/20260925_extra/logs/trapecio_Ethernet_100000000_24_1_simetrico_2.log,2026-09-25T08:32:26.755971-05:00,24 por nodo,0.007155,0.003278,0.003884,2.183,2.44e-14,3.14159265358982
trapecio_Ethernet_100000000000_24_1_simetrico_2,trapecio,Ethernet,100000000000,24,1,simetrico,2,ok,5.183325,,,,,,,,,,,6.1149,0.2095,0.0551,resultados_optimizacion/20260925_extra/logs/trapecio_Ethernet_100000000000_24_1_simetrico_2.log,2026-09-25T08:32:27.853475-05:00,24 por nodo,5.183201,4.166595,1.016725,1.244,1.60e-13,3.14159265358995
trapecio_Ethernet_100000000000_96_4_simetrico_2,trapecio,Ethernet,100000000000,96,4,simetrico,2,ok,1.024349,,,,,,,,,,,4.326,0.8562,0.3779,resultados_optimizacion/20260925_extra/logs/trapecio_Ethernet_100000000000_96_4_simetrico_2.log,2026-09-25T08:32:34.001835-05:00,24 por nodo,1.023974,0.793611,0.190132,1.290,6.53e-14,3.14159265358986
trapecio_Ethernet_100000000000_96_4_asimetrico_3,trapecio,Ethernet,100000000000,96,4,asimetrico,3,ok,1.197861,,,,,,,,,,,4.3374,0.4604,0.4276,resultados_optimizacion/20260925_extra/logs/trapecio_Ethernet_100000000000_96_4_asimetrico_3.log,2026-09-25T08:33:05.471029-05:00,24 por nodo,1.197770,0.880898,0.076255,1.360,8.54e-13,3.14159265358894
matriz_Ethernet_6144_24_1_1d_3,matriz,Ethernet,6144,24,1,1d,3,ok,5.279325,0.958776,0.125742,0.933545,0.000000,4.447498,0.768452,88332041.42,3.798985e+12,,,6.7478,1.0266,0.0519,resultados_optimizacion/20260925_extra/logs/matriz_Ethernet_6144_24_1_1d_3.log,2026-09-25T08:33:09.851209-05:00,24 por nodo,,,,,,
trapecio_Ethernet_100000000_24_1_asimetrico_3,trapecio,Ethernet,100000000,24,1,asimetrico,3,ok,0.004043,,,,,,,,,,,1.0857,0.0091,0.0031,resultados_optimizacion/20260925_extra/logs/trapecio_Ethernet_100000000_24_1_asimetrico_3.log,2026-09-25T08:33:16.604858-05:00,24 por nodo,0.004029,0.003662,0.000362,1.100,2.18e-14,3.14159265358981
trapecio_Ethernet_100000000000_96_4_simetrico_3,trapecio,Ethernet,100000000000,96,4,simetrico,3,ok,1.011597,,,,,,,,,,,3.8506,0.8122,0.3773,resultados_optimizacion/20260925_extra/logs/trapecio_Ethernet_100000000000_96_4_simetrico_3.log,2026-09-25T08:33:17.709835-05:00,24 por nodo,1.011198,0.794816,0.194339,1.272,6.53e-14,3.14159265358986
trapecio_Ethernet_100000000000_24_1_asimetrico_3,trapecio,Ethernet,100000000000,24,1,asimetrico,3,ok,4.940324,,,,,,,,,,,6.0284,0.0423,0.0409,resultados_optimizacion/20260925_extra/logs/trapecio_Ethernet_100000000000_24_1_asimetrico_3.log,2026-09-25T08:33:21.602636-05:00,24 por nodo,4.940271,4.007843,0.585031,1.233,4.82e-12,3.14159265359461
matriz_Ethernet_6144_96_4_1d_3,matriz,Ethernet,6144,96,4,1d,3,ok,25.064780,24.108387,1.983928,22.420265,0.000000,1.000125,12.725223,88332041.42,3.798985e+12,,,29.0739,3020.8182,3020.3389,resultados_optimizacion/20260925_extra/logs/matriz_Ethernet_6144_96_4_1d_3.log,2026-09-25T08:33:27.634808-05:00,24 por nodo,,,,,,
matriz_Ethernet_7168_96_4_1d_3,matriz,Ethernet,7168,96,4,1d,3,ok,35.085925,33.240776,2.691351,30.916554,0.000000,1.768138,17.260745,120229724.49,6.032646e+12,,,39.114,4111.9937,4111.2152,resultados_optimizacion/20260925_extra/logs/matriz_Ethernet_7168_96_4_1d_3.log,2026-09-25T08:33:56.748174-05:00,24 por nodo,,,,,,
matriz_Ethernet_7168_24_1_1d_3,matriz,Ethernet,7168,24,1,1d,3,ok,7.561105,1.162152,0.176737,1.148228,0.000000,6.271510,1.083745,120229724.49,6.032646e+12,,,9.2957,0.1061,0.0163,resultados_optimizacion/20260925_extra/logs/matriz_Ethernet_7168_24_1_1d_3.log,2026-09-25T08:34:35.895567-05:00,24 por nodo,,,,,,
trapecio_Ethernet_100000000_96_4_asimetrico_3,trapecio,Ethernet,100000000,96,4,asimetrico,3,ok,0.001686,,,,,,,,,,,2.913,0.3452,0.4075,resultados_optimizacion/20260925_extra/logs/trapecio_Ethernet_100000000_96_4_asimetrico_3.log,2026-09-25T08:34:45.220495-05:00,24 por nodo,0.001083,0.000848,0.000763,1.278,1.15e-14,3.14159265358978
trapecio_Ethernet_100000000_24_1_simetrico_3,trapecio,Ethernet,100000000,24,1,simetrico,3,ok,0.007624,,,,,,,,,,,0.9981,0.0058,0.0008,resultados_optimizacion/20260925_extra/logs/trapecio_Ethernet_100000000_24_1_simetrico_3.log,2026-09-25T08:34:48.169773-05:00,24 por nodo,0.007581,0.003222,0.004400,2.353,2.44e-14,3.14159265358982
trapecio_Ethernet_100000000000_24_1_simetrico_3,trapecio,Ethernet,100000000000,24,1,simetrico,3,ok,4.753362,,,,,,,,,,,5.7051,0.0126,0.0582,resultados_optimizacion/20260925_extra/logs/trapecio_Ethernet_100000000000_24_1_simetrico_3.log,2026-09-25T08:34:49.214544-05:00,24 por nodo,4.753284,3.696927,1.019314,1.286,1.60e-13,3.14159265358995
trapecio_Ethernet_100000000_96_4_simetrico_3,trapecio,Ethernet,100000000,96,4,simetrico,3,ok,0.001345,,,,,,,,,,,2.9178,0.3514,0.3525,resultados_optimizacion/20260925_extra/logs/trapecio_Ethernet_100000000_96_4_simetrico_3.log,2026-09-25T08:34:54.990963-05:00,24 por nodo,0.001010,0.000792,0.000389,1.275,2.04e-14,3.14159265358977
